[
    {
        "image":"https://d2g44tvvp35wo2.cloudfront.net/photo/global/2018/05/18/tam871.jpg",
        "price":250,
        "heading":"tv",
        "description":"super tv",
        "review":4,
        "category":"tv"
    }, {
        "image":"https://5.imimg.com/data5/FE/JB/TY/SELLER-75836617/40-inch-led-smart-tv-500x500.jpg",
        "price":250,
        "heading":"tv",
        "description":"super tv",
        "review":4,
        "category":"tv"
    },
    {
        "image":"https://fi.google.com/about/static/images/phones/pixel-5/sorta-sage.png",
        "price":250,
        "heading":"tv",
        "description":"super tv",
        "review":4,
        "category":"mobiles"
    },
    {
        "image":"https://3.imimg.com/data3/MK/VV/MY-13408254/apple-iphone-5-64gb-mobile-black-500x500.jpg",
        "price":250,
        "heading":"tv",
        "description":"super tv",
        "review":4,
        "category":"mobiles"
    },
    {
        "image":"https://freepngimg.com/thumb/refrigerator/22668-7-lg-refrigerator-clipart.png",
        "price":250,
        "heading":"tv",
        "description":"super tv",
        "review":4,
        "category":"refrigerator"
    },
    {
        "image":"https://images-na.ssl-images-amazon.com/images/I/21a5CpmZfkL.jpg",
        "price":250,
        "heading":"tv",
        "description":"super tv",
        "review":4,
        "category":"refrigerator"
    },
    {
        "image":"https://images-na.ssl-images-amazon.com/images/I/61-1B-m03bL._SL1500_.jpg",
        "price":250,
        "heading":"tv",
        "description":"super tv",
        "review":4,
        "category":"ear buds"
    },
    {
        "image":"https://images-na.ssl-images-amazon.com/images/I/81NFm2SyeHL._UL1500_.jpg",
        "price":250,
        "heading":"tv",
        "description":"super tv",
        "review":4,
        "category":"watches"
    }

    

    

   
   
]